qmof_ids,bandgap_calc,Eg
qmof-c59d505,3.7329,3.437366247177124
qmof-1a54c0d,6.28453,6.382113456726074
qmof-07ff199,3.56,5.041244029998779
qmof-063efc4,2.3553,4.146636962890625
qmof-23c6559,2.86969,5.5639495849609375
qmof-f10c991,3.6119,5.075974941253662
qmof-3fbde32,3.41708,3.531254768371582
qmof-7e570fb,4.61602,4.611822605133057
qmof-6cb5e16,2.0009,6.021589756011963
qmof-05e86f0,2.7532,4.623745441436768
qmof-b181ab8,4.34745,3.8466737270355225
qmof-7790ae0,4.04813,4.517999649047852
qmof-5f9623c,3.98998,3.890611410140991
qmof-fe8e022,3.8781,5.602717876434326
qmof-22ff87f,2.59252,0.5282120704650879
qmof-771df3f,4.59424,4.74988317489624
qmof-6d57f92,3.88232,4.612572193145752
qmof-505096a,3.74744,1.442213773727417
qmof-dc7e5a3,2.93289,5.464728355407715
qmof-84f0656,3.94311,4.219803810119629
qmof-ebb57c2,2.92711,2.6893913745880127
qmof-688ca67,3.31478,4.061884880065918
qmof-340d0d4,4.24575,4.797399044036865
qmof-b3a4056,4.23312,4.8117756843566895
qmof-20ae7e2,4.45966,3.81123948097229
qmof-ac3d817,2.5108,3.675386905670166
qmof-b8647f2,3.08182,5.461828708648682
qmof-fdf90e2,3.72575,4.354345321655273
qmof-ccef97a,4.22127,3.314459085464477
qmof-caa7611,3.11056,5.357940196990967
qmof-d08ace3,3.73157,3.485103368759156
qmof-3e96a80,2.52274,4.821367740631104
qmof-0192eb2,0.375,4.700953960418701
qmof-9b0ccbd,0.728773,5.255670070648193
qmof-5bab3c6,2.99466,4.3739013671875
qmof-ed1424d,3.28601,5.6252760887146
qmof-6052971,3.24818,0.9058583378791808
qmof-1deaa9a,3.5652,5.326170444488525
qmof-ce0c773,2.82088,5.11990213394165
qmof-3bddfea,2.4038,4.972506523132324
qmof-f36f74c,3.3812,4.578038692474365
qmof-a9805bf,3.80939,4.959362506866455
qmof-6bd80b9,3.10948,4.389665603637695
qmof-db46c4e,4.24726,5.818684577941895
qmof-fa666a1,2.6998,3.0655357837677
qmof-80c10f6,2.285200000000001,4.928922176361084
qmof-9cf785b,4.26266,3.066826343536377
qmof-80fed89,1.8652,0.5466147065162659
qmof-c54ce08,5.87025,6.189015865325928
qmof-3af1a22,4.10841,4.377216815948486
qmof-8648a69,1.918,4.499955177307129
qmof-f41b6c6,3.00248,3.729979753494263
qmof-dc2dcc2,2.4395,3.790449380874634
qmof-0ae491a,0.8970999999999998,3.4012930393218994
qmof-5f02392,5.42555,6.338701248168945
qmof-d07845e,5.62362,3.790334224700928
qmof-402d546,2.59085,5.379751682281494
qmof-e2065ab,3.1189,4.476533889770508
qmof-f411818,4.42609,5.164697170257568
qmof-57b3cba,3.36911,5.302969455718994
qmof-ea2f1f4,2.18886,5.302872180938721
qmof-271c0b2,4.403700000000001,3.7373454570770255
qmof-3a0899f,3.96423,4.405470371246338
qmof-3ed54a7,2.92486,4.222536563873291
qmof-6a96bb3,2.57195,4.383654594421387
qmof-1b5f81b,3.88509,2.8647732734680176
qmof-2972f3b,3.344,5.046815395355225
qmof-b5e491c,1.5669000000000004,5.52398681640625
qmof-a5e076e,5.91125,4.108911037445068
qmof-8d0f063,4.39029,4.606759548187256
qmof-6970c02,3.4445,5.061283111572266
qmof-1a3858d,3.98384,5.21413516998291
qmof-011f2cc,4.34777,3.282022714614868
qmof-3630fc5,3.906800000000001,6.717127799987793
qmof-9cc3331,5.30593,6.693981647491455
qmof-0f15afa,3.61445,1.3081753253936768
qmof-866f41f,3.45348,2.998364925384521
qmof-04c1119,2.6575,3.977560758590698
qmof-5ef05bd,2.2859,3.089714765548706
qmof-5d740ae,2.6166,4.175558090209961
qmof-f2d3b75,4.0925,4.871711254119873
qmof-fc7aafb,3.2766,5.37821102142334
qmof-c6e12dd,3.0021,4.54279088973999
qmof-b5805d2,3.88539,4.837871074676514
qmof-cd0f2d8,3.56205,5.154370307922363
qmof-dfef5fe,2.8124,4.345107555389404
qmof-b96fb0a,7.07734,4.961613178253174
qmof-2338a98,0.7304999999999999,5.347340106964111
qmof-f2e90e4,2.49675,2.94486141204834
qmof-bf460d2,2.5241,6.076566219329834
qmof-963616d,4.08025,5.1928815841674805
qmof-27e1206,3.65137,5.100661754608154
qmof-4d83581,2.52426,5.352819919586182
qmof-d5c670c,3.79906,5.176875591278076
qmof-32a3837,2.64683,5.549798488616943
qmof-cf29560,2.3451000000000004,5.561760425567627
qmof-237cfe7,3.4254,5.812813758850098
qmof-7e4dbb6,0.18382,5.096998691558838
qmof-2c5cf65,3.98018,3.866180896759033
qmof-870a873,3.8224,3.7964353561401367
qmof-a04209a,1.8089999999999995,5.676465034484863
qmof-5ec1870,2.5528,0.5938464403152466
qmof-7a91c8f,3.76012,5.011220455169678
qmof-3cc7791,6.3546,3.964064598083496
qmof-e635eb9,3.2885,3.0135719776153564
qmof-c09dfd8,5.7911,6.522736549377441
qmof-a091774,1.4023,3.962491273880005
qmof-7672d8f,2.4046,6.281866550445557
qmof-fc93e58,4.40328,5.164947032928467
qmof-b1741c8,3.40435,4.007851600646973
qmof-920e89b,3.62295,5.05652379989624
qmof-08b67ba,3.86695,3.6578853130340576
qmof-354fde1,2.84687,4.797385215759277
qmof-b2f66ca,2.92559,4.29646635055542
qmof-75af3c3,6.51655,2.8477675914764404
qmof-55f31fe,2.5870000000000006,4.679642677307129
qmof-1bd6d19,3.81915,3.249141931533813
qmof-34bb4c6,2.2710000000000004,5.206509590148926
qmof-9aa7703,3.60678,4.665116310119629
qmof-bd45ea2,4.18097,4.730010509490967
qmof-b8d6c96,3.28141,5.139583110809326
qmof-527e32e,4.68398,5.865715026855469
qmof-4e8ed50,1.22225,4.155991554260254
qmof-113a0d9,3.85661,4.8360114097595215
qmof-6c9cd43,4.07733,4.734302997589111
qmof-111ce53,2.66677,4.756852626800537
qmof-6edb7fd,4.09614,5.0891852378845215
qmof-1667413,4.5103,3.874896049499512
qmof-42d64f0,4.68275,5.254103660583496
qmof-84db2cd,4.05336,2.9576804637908936
qmof-5d90805,1.63664,4.701643466949463
qmof-06527ff,3.4734000000000003,4.306872367858887
qmof-9a21157,3.46006,5.231427192687988
qmof-c00e9c8,3.82535,4.564249515533447
qmof-26df13b,3.45759,5.112584590911865
qmof-a906618,2.8575,3.632346391677856
qmof-e9201ea,2.96771,4.273958206176758
qmof-c1a51f9,3.47004,4.649029731750488
qmof-2f0e858,3.29669,5.236116886138916
qmof-cdc5769,2.4706,5.935537815093994
qmof-8fa9c85,4.24964,5.45189905166626
qmof-a1d95f7,2.01928,4.729597091674805
qmof-6721074,4.19679,5.134711265563965
qmof-1117cd8,2.4547000000000003,3.2197206020355225
qmof-2cc3702,2.90717,3.569589614868164
qmof-63cb6eb,4.07203,4.918921947479248
qmof-dccc2e2,2.81768,4.6370720863342285
qmof-b3a8a72,6.44255,6.399800777435303
qmof-ee19259,5.72884,6.545755863189697
qmof-b2b6f0e,2.20456,5.401486396789551
qmof-a335887,4.616,4.446831703186035
qmof-9ba23c7,4.41826,5.136160373687744
qmof-284b0e8,5.0856,4.087960720062256
qmof-ab51834,4.41327,2.7348573207855225
qmof-9783d02,0.9225000000000004,3.620405435562134
qmof-0bf1c5d,2.41002,3.527852296829224
qmof-dacbde8,3.148000000000001,4.426255226135254
qmof-64d736f,2.8333,5.080578804016113
qmof-d219c19,3.62932,5.930817127227783
qmof-4040470,3.71184,4.710032939910889
qmof-a2257be,3.4391000000000003,3.6869430541992174
qmof-7d781a8,3.0509,3.7797281742095934
qmof-8372ff0,4.76875,6.839746952056885
qmof-a7c5355,3.72443,3.443241596221924
qmof-40c7632,3.40987,5.163280963897705
qmof-0e3c9ac,4.53285,5.381518840789795
qmof-be16fca,5.435300000000001,4.600091934204102
qmof-c970470,4.6756,3.4148757457733154
qmof-2e9916d,6.03722,6.481893062591553
qmof-ebea65a,3.86521,3.7004551887512207
qmof-6518f6f,2.19104,5.257307529449463
qmof-09e67ae,2.62681,4.67487907409668
qmof-092f35f,4.59453,6.269472122192383
qmof-292f4be,3.003,0.9147285223007202
qmof-222ea6e,2.56423,4.056112766265869
qmof-8d1aa73,5.43425,6.021114826202393
qmof-5eac041,6.20471,5.917595386505127
qmof-d083099,1.7007000000000003,4.038788795471191
qmof-42ef884,3.62579,3.744075536727905
qmof-bf19a2f,3.57943,4.904542446136475
qmof-31b1596,3.33237,5.524036884307861
qmof-d4ba604,3.3372,4.845754623413086
qmof-dabb11e,1.9456,3.227358102798462
qmof-8f1e067,3.64576,4.853129863739014
qmof-f014e4f,4.07049,5.055474281311035
qmof-0bf3a66,3.34607,4.5071120262146
qmof-343c776,2.241,4.455638885498047
qmof-744e26e,3.52422,5.692707538604736
qmof-41aa483,4.08911,5.0905938148498535
qmof-e9836d3,6.64034,6.1043572425842285
qmof-efaa9ca,4.07328,4.58477783203125
qmof-c3167f9,3.38554,3.7222652435302734
qmof-dbf1bf8,3.14915,5.60991907119751
qmof-edec6e9,4.68338,5.555156230926514
qmof-5382407,4.8294,6.45017147064209
qmof-2f09f08,3.84702,5.893640995025635
qmof-66d7aed,5.6379,5.578088283538818
qmof-8e86693,3.48994,4.351922035217285
qmof-9114e4f,4.53897,3.9860856533050537
qmof-a54b66a,4.18283,5.158258438110352
qmof-3d670d8,1.8524000000000005,3.7683722972869873
qmof-0faa5f9,2.89473,5.5400166511535645
qmof-42b6d9f,2.5216,5.2227630615234375
qmof-110ffa0,3.7474,5.0183820724487305
qmof-c49d30b,4.04114,4.344700336456299
qmof-3a19adf,3.47079,5.371534824371338
qmof-78e7cf2,3.4089,3.7549140453338623
qmof-adf0b90,3.4767,3.815182447433472
qmof-7d219c0,4.73918,4.353848934173584
qmof-e29f3d6,3.55573,4.8251543045043945
qmof-ec80935,4.13278,0.6507625579833984
qmof-a3cf233,2.1377,4.467515468597412
qmof-888b462,6.24989,6.796962261199951
qmof-7d744c9,3.96668,5.835186958312988
qmof-2f6a6a9,3.2002,5.048366546630859
qmof-bb48b07,2.8731,5.533027172088623
qmof-268b6d8,3.57615,4.522054195404053
qmof-f2f8255,5.42066,5.612072467803955
qmof-0ffb4d8,6.46869,5.795975208282471
qmof-d10ccb2,4.3577,7.370951175689697
qmof-b7c1266,4.06774,5.035071849822998
qmof-e8046f4,4.3882,4.97608757019043
qmof-08ff76f,4.83773,5.306717395782471
qmof-ba90abd,3.20178,4.355052471160889
qmof-2e02fed,3.50209,6.184619903564453
qmof-0836a64,4.11659,3.8784563541412354
qmof-7ab1fd8,4.02091,5.641026020050049
qmof-3015833,3.93011,5.384898662567139
qmof-3d85a5e,4.64472,5.4537882804870605
qmof-618d03c,3.77658,4.627556324005127
qmof-25a03d3,2.2427,3.281264066696167
qmof-bd617d9,0.0388000000000001,4.459983348846436
qmof-55da0a7,3.04416,3.4954516887664795
qmof-6007fac,3.3611000000000004,4.8585309982299805
qmof-2b1d7b8,1.7559999999999998,3.77119779586792
qmof-10df8cd,3.01544,2.7099416255950928
qmof-21270fb,4.02536,4.866995334625244
qmof-929f022,2.8029,4.225120544433594
qmof-82d9500,3.5669,5.12925386428833
qmof-b3c62d0,5.19485,3.05788803100586
qmof-67d5226,3.11716,4.932098865509033
qmof-3151dac,5.81067,8.589916229248047
qmof-f954167,4.25468,3.3700077533721924
qmof-2095c92,2.9051,5.388931751251221
qmof-6cf28ef,4.4924,4.45625114440918
qmof-b4e619a,2.61782,4.387522220611572
qmof-113f870,4.53188,6.762191295623779
qmof-64499d3,4.11145,6.006101131439209
qmof-8a4c0f4,2.7173,4.310143947601318
qmof-8be7b17,3.88164,5.085109233856201
qmof-e2be686,3.0912,0.5230035185813904
qmof-cd3e104,4.07717,5.263679027557373
qmof-ef677d6,4.72103,6.000051975250244
qmof-c992d6c,4.86443,4.9468092918396
qmof-b0775d6,3.62729,4.322702407836914
qmof-be35ab2,2.5217,4.585736274719238
qmof-af8d1a9,4.26912,4.516382217407227
qmof-25fa36f,4.04539,4.102690696716309
qmof-def4cfb,3.30499,5.067634105682373
qmof-cabf074,3.51647,4.910935401916504
qmof-6a27bf1,3.2013,5.0184407234191895
qmof-369262d,2.1935,5.4257330894470215
qmof-44525ba,4.26072,5.022668838500977
qmof-4f0b980,6.62383,3.256544589996338
qmof-a770d67,4.07014,5.242319583892822
qmof-b2f4f8a,5.75656,4.204087257385254
qmof-b0e510d,4.1846,4.483632564544678
qmof-e560b2b,4.69156,5.546080112457275
qmof-1debcad,2.6642,4.808887958526611
qmof-e266e2c,3.4445,5.509436130523682
qmof-eddd19a,3.9045,8.671146392822266
qmof-33b7d3d,2.52866,4.179487228393555
qmof-8bcd749,3.41364,4.68141508102417
qmof-e927672,2.8397,4.07254695892334
qmof-8ee59c2,2.6849,3.9767720699310303
qmof-e5b4e33,3.64692,3.3244049549102783
qmof-e2b01e4,4.97511,5.273828983306885
qmof-09f8fe4,3.39433,4.657325744628906
qmof-977fd47,2.03933,1.0639500617980957
qmof-54d6b26,3.1187,4.845950126647949
qmof-6ba8301,2.0276000000000005,4.082387924194336
qmof-6882a18,1.8953,4.724947452545166
qmof-9c943e1,4.56756,5.290201663970947
qmof-5f5a465,3.3492,5.330881118774414
qmof-4f49da6,3.99531,5.2351908683776855
qmof-ac07b32,2.4665,5.353514671325684
qmof-30b752e,5.1128,4.389146327972412
qmof-e18f086,3.35343,4.938659191131592
qmof-db92909,2.9732000000000003,5.083682537078857
qmof-4324443,3.43937,5.25226354598999
qmof-377ea80,3.48903,5.097282886505127
qmof-51f0dec,2.71284,4.625112533569336
qmof-e19beef,2.5724,1.167130708694458
qmof-a42e6fd,3.75827,3.8295938968658447
qmof-102839a,2.79661,5.5714430809021
qmof-fbd27bc,4.36903,4.562176704406738
qmof-ead1cf2,4.2711,3.764893770217896
qmof-751cc2f,6.07337,4.954612731933594
qmof-43894b8,4.0122,6.058237075805664
qmof-bcd71bd,3.79965,2.8836147785186768
qmof-b0f3adb,2.89908,4.7606520652771
qmof-6519b6a,3.94513,3.567692756652832
qmof-8b88ed3,4.1909,5.305453777313232
qmof-d57ce36,3.61364,5.467976093292236
qmof-807e547,4.52089,4.195715427398682
qmof-e2ec095,6.5088,6.050243854522705
qmof-72dc736,3.9968,2.642163276672364
qmof-c0462ed,2.97624,2.4776270389556885
qmof-de9db8f,0.134979,4.667846202850342
qmof-13bab77,4.50316,4.095486164093018
qmof-ca0b14c,2.6223,3.138486385345459
qmof-11869b4,3.65557,5.209457874298096
qmof-2684b38,4.18464,3.682455778121948
qmof-212a59c,3.8494,5.369442939758301
qmof-e4c44a2,5.81908,5.2280778884887695
qmof-41412a3,4.46417,4.459489345550537
qmof-0aed152,3.64928,3.075704336166382
qmof-d38b97e,3.2696,4.954617023468018
qmof-2f8d683,1.80191,4.08464241027832
qmof-01f1640,1.94212,4.831722736358643
qmof-2fa0c87,3.3019,4.922901153564453
qmof-41c3d42,1.66353,3.765577554702759
qmof-e85d193,3.83328,6.881398677825928
qmof-c650339,2.0009,3.310115098953247
qmof-b030441,3.28275,5.047587394714356
qmof-b31f520,5.83681,4.689947605133057
qmof-6e8fd48,2.2045,5.215296268463135
qmof-7867d26,2.75859,4.708955764770508
qmof-a075109,3.3387,4.197850227355957
qmof-c81b80b,3.85923,2.908759355545044
qmof-a1e8177,1.5543,3.994600534439087
qmof-6bd0d59,4.64404,3.2901058197021484
qmof-71edbc1,3.14421,4.658505916595459
qmof-5682b27,5.10123,2.331116437911988
qmof-3f9e962,3.1643,0.5382710695266724
qmof-e79aee6,0.112881,2.637336492538452
qmof-963fa90,4.48544,3.944640874862671
qmof-e454c8c,2.89212,4.932818412780762
qmof-84d07ac,6.85809,4.051736831665039
qmof-bd32375,4.48292,4.180038928985596
qmof-c027270,4.14078,5.329288005828857
qmof-e036ae1,4.02032,4.187016487121582
qmof-033f4ac,3.8045,4.50645637512207
qmof-47bb195,3.3477,4.813971042633057
qmof-4fba533,4.66515,4.453534126281738
qmof-d7aae20,3.37772,3.2028138637542725
qmof-118a864,5.21712,6.036942958831787
qmof-6801689,2.5257,5.124173641204834
qmof-eb2e363,3.12267,5.048266887664795
qmof-310a9ef,5.81946,3.0353918075561523
qmof-9022510,1.537,3.764411687850952
qmof-f7478bc,1.8227,1.9193665981292725
qmof-89fcca7,4.61086,2.507819890975952
qmof-6d779e7,3.988,4.05942440032959
qmof-26b83f7,3.57034,5.3020782470703125
qmof-0526948,5.24911,5.567105770111084
qmof-cb22aa8,7.16861,6.144852161407471
qmof-66e180a,3.326,4.503740787506104
qmof-6c3a161,4.58153,5.286729335784912
qmof-3c2a00c,2.12612,4.5966668128967285
qmof-3d25ec5,3.8537,0.5979554653167725
qmof-6011a1c,4.60601,5.320817470550537
qmof-29bbb41,3.8239,0.6137655377388
qmof-a513da5,1.3058,4.8252692222595215
qmof-a543e01,2.99187,5.259525775909424
qmof-90abf4c,2.60158,4.70634651184082
qmof-0771f58,2.44927,5.877013683319092
qmof-2d4accf,2.78895,5.206929683685303
qmof-5bd7e70,4.644299999999999,2.342633008956909
qmof-667620b,4.48643,2.8931591510772705
qmof-a2f8325,1.9924,4.455483436584473
qmof-6a4cff2,2.6922,6.017701625823975
qmof-a4041be,4.30944,5.46253776550293
qmof-f5de41a,2.93375,5.099318981170654
qmof-cef04ed,2.8505,5.223300457000732
qmof-3cc0d7f,4.018700000000001,5.252297878265381
qmof-309b6a2,3.42007,3.264912366867065
qmof-11afcfb,4.8827,4.465449333190918
qmof-9c01d33,2.61585,4.665163993835449
qmof-406165e,3.2941,4.004433155059815
qmof-27db329,4.40564,4.589234352111816
qmof-f8dd6bc,3.72124,4.753717422485352
qmof-6a58cd1,3.3019,3.763510465621948
qmof-73c6760,4.47487,5.059117794036865
qmof-054db11,4.24505,5.242924690246582
qmof-a3da55b,2.91694,2.596771478652954
qmof-4f5e770,2.74564,4.681380748748779
qmof-16de531,2.9826,4.285316467285156
qmof-8336dc4,3.84386,3.333734035491944
qmof-7a1337f,3.46247,5.069145202636719
qmof-54da05e,3.5838,5.265191555023193
qmof-76e7dc6,2.1224,3.354377031326294
qmof-84be34f,3.22015,5.892259120941162
qmof-08cbfe6,2.8102,5.412961006164551
qmof-8878ef9,4.24957,3.95544171333313
qmof-41468e7,4.11727,4.002257823944092
qmof-4b5a943,3.8942,5.0351080894470215
qmof-aaa4160,0.094199,2.3389885425567627
qmof-d480554,1.9648,3.4381213188171387
qmof-d234b42,4.35499,4.841491222381592
qmof-0c122db,2.6826,4.5554518699646
qmof-a94a47b,3.80463,5.876707553863525
qmof-2a0e4a4,2.99137,4.353922367095947
qmof-e1c79f2,3.76646,5.219079494476318
qmof-a668ff8,3.89002,4.629787921905518
qmof-f2ed8cf,2.1138000000000003,4.148519515991211
qmof-9706669,4.14622,4.614314079284668
qmof-704a813,5.01721,4.7869873046875
qmof-d0c743a,2.6092,3.0636770725250244
qmof-cda8e7d,1.9114,4.2521514892578125
qmof-d5accd9,4.52636,5.203799724578857
qmof-9932be2,4.86124,4.408980369567871
qmof-35e46f1,3.74676,3.3507444858551025
qmof-97fb071,2.9905,5.027186870574951
qmof-a0eb5fe,2.95663,2.782893419265747
qmof-2030d07,2.57885,3.680018424987793
qmof-20a983a,3.18597,5.04557466506958
qmof-23daf81,5.71351,2.619025230407715
qmof-d4d3c5f,1.55402,4.964597225189209
qmof-aca49e8,4.03419,2.908029794692993
qmof-ba8d316,1.25005,4.742640018463135
qmof-af907bf,3.3244,0.5063742399215698
qmof-056d026,5.4588,4.030516624450684
qmof-557afbb,2.7161,3.978406667709351
qmof-0128bd1,3.31774,4.511528491973877
qmof-1b54ceb,4.20367,4.266048908233643
qmof-daddfb7,3.66333,6.065589904785156
qmof-b28c140,3.00964,5.913872241973877
qmof-d80e631,3.42608,2.8207457065582275
qmof-a559dcb,3.338,0.61378014087677
qmof-70f4cf7,2.43072,5.021447658538818
qmof-c0f2b02,3.3598000000000003,3.811249494552612
qmof-40899bb,5.99546,5.499266147613525
qmof-300be09,1.82003,4.85382890701294
qmof-ffe5987,3.41878,4.148978233337402
qmof-46fc54f,4.1533,5.27365255355835
qmof-2a08198,2.17716,5.907658100128174
qmof-0c2c714,3.36199,3.4499943256378174
qmof-4759164,3.75666,5.252992630004883
qmof-b52b28a,4.85401,3.8598599433898926
qmof-c1292a3,3.49607,5.310935497283936
qmof-0fbfb10,2.69417,4.647606372833252
qmof-7ec7d41,4.21776,4.157395839691162
qmof-751809e,3.70467,5.178693771362305
qmof-15285c1,3.52122,4.594621181488037
qmof-1bcb229,3.96622,5.051768779754639
qmof-47b17d9,3.01551,4.66977071762085
qmof-227ae8f,5.59792,5.7275471687316895
qmof-641f68d,3.2373,5.611187934875488
qmof-a0b4bb0,4.25618,3.7510173320770255
qmof-ab815f3,4.23472,5.370327472686768
qmof-b5c7314,2.2353,4.02817964553833
qmof-c43329d,2.93289,3.7073733806610094
qmof-cc2b923,3.51749,5.384103775024414
qmof-5018ab0,3.1844,4.7042436599731445
qmof-6bca146,2.7486,8.608721733093262
qmof-66d0b97,4.2645,4.065043926239014
qmof-aecacb7,2.79185,5.147304058074951
qmof-0a24ace,3.86821,2.908480644226074
qmof-28beae4,3.83705,5.2381672859191895
qmof-ff83ea3,2.88087,3.0294082164764404
qmof-37e0784,3.40341,5.435957431793213
qmof-c25aa0c,0.3043,5.875170707702637
qmof-6011be7,2.83335,2.6261801719665527
qmof-0e57266,4.2156,4.478901386260986
qmof-df01160,3.49655,3.8930413722991934
qmof-541af34,4.10251,5.280276298522949
qmof-9384b06,6.29615,6.973708629608154
qmof-26b1f32,3.40327,5.060030460357666
qmof-2cf5504,2.2759,3.885420560836792
qmof-733d89d,4.56753,4.013853549957275
qmof-064173c,5.12337,2.5819923877716064
qmof-9997f68,2.1074000000000006,3.0967979431152344
qmof-c95d01f,2.45044,5.117579460144043
qmof-a65e183,3.88288,5.132873058319092
qmof-826c19b,3.83319,5.153714656829834
qmof-3417f6c,4.44572,3.4294278621673584
qmof-b4fd7d5,2.91682,4.861972332000732
qmof-c533c0e,2.81224,5.468411922454834
qmof-319da91,4.62798,3.500969648361206
qmof-8797c78,1.7865999999999995,4.084152221679688
qmof-c3289bb,3.61478,3.836629629135132
qmof-66735fe,3.79668,3.735694646835327
qmof-35dd9a5,4.15658,3.348141431808472
qmof-ec3f86f,3.78232,5.2305827140808105
qmof-434aece,3.20232,5.2708587646484375
qmof-7a622fb,1.1233999999999995,5.546336174011231
qmof-d441feb,2.35764,5.138667106628418
qmof-0b59814,3.8107,5.350276947021484
qmof-f2e78b9,2.5279,5.746829509735107
qmof-65d1b27,2.83706,5.217596530914307
qmof-ff2b2ac,3.98289,4.371151447296143
qmof-8e7c7a1,3.0449,5.074848651885986
qmof-a457b47,1.34542,3.65653920173645
qmof-8edbca3,3.98378,5.138307094573975
qmof-1da8047,5.69244,5.2379536628723145
qmof-f543252,3.45242,4.386456489562988
qmof-6e20725,1.7074,5.623230457305908
qmof-7f88bd0,4.0625,5.3222270011901855
qmof-15519b3,3.70882,5.395698070526123
qmof-e834939,6.08432,5.265157222747803
qmof-e2d7d1f,3.71022,3.9044766426086426
qmof-15e7bac,4.68248,4.765542507171631
qmof-17a96f5,2.1788,4.553024291992188
qmof-f19d234,2.075,4.87929105758667
qmof-48a32b2,3.78076,5.403208255767822
qmof-d2bab30,4.77046,5.054245948791504
qmof-b7cf313,2.36911,3.615607976913452
qmof-e9a4825,4.53675,3.298290014266968
qmof-16ba929,4.44868,1.9914019107818604
qmof-462a448,5.3833,4.297718048095703
qmof-25c87ad,4.1253,5.29016637802124
qmof-d9f3f47,2.0473000000000003,5.107289791107178
qmof-4cbb664,2.7057,3.62807297706604
qmof-ca5a1e7,3.02549,4.118749141693115
qmof-7b4dbbf,3.77628,3.478833198547364
qmof-e7ef967,2.4189,4.857742786407471
qmof-78a11f4,5.04807,5.196079730987549
qmof-2454337,3.51375,4.617856502532959
qmof-f8a9674,3.5702000000000007,4.371156692504883
qmof-1c91623,3.57368,5.534280300140381
qmof-0ee6243,3.7783,5.236531734466553
qmof-07e6831,2.4916,4.006016731262207
qmof-f4d0dfc,4.71051,2.391054630279541
qmof-191c415,4.61394,5.297379016876221
qmof-babba36,3.64777,5.1392436027526855
qmof-2bbcfe2,3.3674,5.431596755981445
qmof-824883b,3.7652,6.2250800132751465
qmof-ab449b7,2.76428,4.439998149871826
qmof-330d191,2.16105,1.6471736431121826
qmof-dc3d8ce,3.1678,5.320779800415039
qmof-cf68a4b,2.0951,4.384889602661133
qmof-7e9b3eb,5.52712,5.528268337249756
qmof-00717e8,2.1608,4.318784713745117
qmof-39003fc,4.47436,2.757382392883301
qmof-920db9a,2.79927,5.006205558776856
qmof-5d3b73f,1.1908999999999998,4.432551383972168
qmof-5704a73,4.10333,6.012861728668213
qmof-890c483,3.42392,4.470637798309326
qmof-cb9ea13,2.5756,4.154829025268555
qmof-6f7fdde,5.2729,5.32658576965332
qmof-5be25c8,4.13222,2.5405266284942627
qmof-6b02bb3,4.78792,3.581286668777466
qmof-02592f2,2.3172,5.379953861236572
qmof-1d6c648,2.8581000000000003,4.06324577331543
qmof-9e0108e,3.51116,5.51837968826294
qmof-b5281a7,6.47015,3.266408443450928
qmof-ba1edaa,3.17397,4.411188125610352
qmof-15d20be,3.8007,4.864470958709717
qmof-4086205,2.92831,3.683925151824951
qmof-56e8657,4.74984,3.827157020568848
qmof-724fea2,3.15819,3.969273328781128
qmof-72352f8,3.96619,5.024097919464111
qmof-e16b9a1,4.43284,5.341428756713867
qmof-b133873,3.68084,5.337738513946533
qmof-987c95e,3.93236,4.755139827728272
qmof-23cd4d0,3.8928,5.239994525909424
qmof-2367406,3.48003,3.959936380386353
qmof-27c07bc,4.8073,3.778738260269165
qmof-20d2f37,5.32868,6.346446990966797
qmof-a1d9b6f,2.6216,5.046780109405518
qmof-a01a4d4,2.59457,5.218872547149658
qmof-c9e1cbe,3.43925,5.596185684204102
qmof-5fa242c,3.17184,2.832944631576538
qmof-65ef97b,2.3258,3.9810211658477774
qmof-b0d8838,4.74695,4.50898027420044
qmof-1794723,2.1912,4.678160190582275
qmof-5c3c38b,2.244,4.48186731338501
qmof-3e56926,3.67108,5.2199225425720215
qmof-308fadd,1.95179,6.8571600914001465
qmof-a46c6f8,3.1559,5.267923355102539
qmof-d134a3d,3.83617,4.537102699279785
qmof-0b8f2da,5.24833,2.8446567058563232
qmof-f4f5664,3.91571,5.244897842407227
qmof-64b7989,5.83461,8.8580961227417
qmof-99d6026,2.9999,4.961222171783447
qmof-e71cda6,4.48838,5.141934871673584
qmof-596e2b4,3.1076,4.498175144195557
qmof-edd85aa,2.84551,5.2015700340271
qmof-5fd4252,1.4505000000000003,3.73752236366272
qmof-71e5f47,5.94474,6.234393119812012
qmof-63fddcc,3.82711,4.227414608001709
qmof-b5e6f6b,2.72903,4.509899139404297
qmof-e628246,3.89219,5.194190979003906
qmof-5f4316d,2.942,4.608558654785156
qmof-8a6175e,3.95694,2.825256586074829
qmof-fc25de6,3.8554,4.78732442855835
qmof-632d8e4,4.20718,6.668483257293701
qmof-63145b6,3.3292,4.796238422393799
qmof-4f2bf7e,4.44429,4.378662109375
qmof-c30f3bc,2.75116,4.137402534484863
qmof-c22186d,3.0715,4.785967350006104
qmof-9db0389,2.9619,4.253061771392822
qmof-4d20956,3.73572,3.690097093582153
qmof-f484ec8,3.8845,5.5332512855529785
qmof-cce97c8,2.1623,3.793100595474243
qmof-0f2aa8c,3.0743,4.424952507019043
qmof-14b3a73,2.23216,4.645379066467285
qmof-f911a4f,3.0371,5.058569431304932
qmof-02e2726,2.43048,3.822127103805542
qmof-9085c0a,2.0406,0.6223970651626587
qmof-b03edbf,4.90039,3.8226709365844727
qmof-6da60e8,3.13569,4.6470208168029785
qmof-5b945c8,2.03791,2.4253878593444824
qmof-f22364d,4.31643,2.103292465209961
qmof-280792c,3.1054,4.285881042480469
qmof-cee6232,6.52245,2.473479986190796
qmof-4a4b090,0.535724,4.925008296966553
qmof-eda34e0,2.2818,4.8054728507995605
qmof-6032da7,3.273,3.3100125789642334
qmof-01edd7e,3.92591,4.3477888107299805
qmof-bb23621,3.9183,5.109945297241211
qmof-3b52b38,5.16492,4.410387992858887
qmof-d84e3da,1.91104,2.6795670986175537
qmof-6fa8209,2.8702,3.596226453781128
qmof-18c41a2,0.8517999999999999,3.5999886989593506
qmof-3b45248,3.8678,4.201271057128906
qmof-85027d8,4.77187,5.349458694458008
qmof-1033c27,2.4558,4.984719753265381
qmof-2915b01,3.67657,4.547369003295898
qmof-7733b97,1.2924999999999995,4.085051536560059
qmof-66998fd,2.907,3.727853298187256
qmof-ddce214,2.9235999999999995,3.9507882595062256
qmof-6fabf2c,3.2580000000000005,4.41111946105957
qmof-644aab4,2.90175,5.807718276977539
qmof-fe0b063,2.178,5.609260082244873
qmof-34b5f2d,3.21008,5.351991176605225
qmof-3104826,2.71222,5.487168788909912
qmof-b6208ec,3.64545,4.026374340057373
qmof-c488679,2.465,5.534988880157471
qmof-e8ca785,2.9114,2.459370374679565
qmof-e78085a,4.47381,5.296072959899902
qmof-8d641bc,6.64116,5.041450023651123
qmof-3b48e5d,2.8072000000000004,3.738262891769409
qmof-e197e2d,3.85648,5.214010715484619
qmof-62aef15,4.28434,4.645270824432373
qmof-ce57f55,2.38824,2.0687286853790283
qmof-18059b1,5.48645,3.794150114059448
qmof-bc64533,3.338,4.765830039978027
qmof-8b992f5,3.75177,4.101311683654785
qmof-63a8ad5,3.01678,5.003000259399414
qmof-2397f35,6.71814,5.3052754402160645
qmof-04b3122,3.8441,2.126148223876953
qmof-31856d4,4.56814,5.552191257476807
qmof-2e54ffc,3.61801,3.8989744186401367
qmof-73c479b,1.56855,5.113860607147217
qmof-d77af39,3.00429,6.040380001068115
qmof-ff1391f,4.47962,3.758237600326538
qmof-d8d9479,4.93536,5.060375690460205
qmof-6a97433,3.3626,4.332204818725586
qmof-3179f18,3.58889,4.4218950271606445
qmof-2acb35b,3.69371,3.136342763900757
qmof-37ec311,2.8141,0.5884063243865967
qmof-68f7719,4.41696,5.076334476470947
qmof-c53a076,1.74077,4.8338541984558105
qmof-c0fea9d,3.1074,4.372237682342529
qmof-6546f48,3.8389,4.944988250732422
qmof-eb6295d,5.28346,4.633446216583252
qmof-ae25101,4.66716,4.436247825622559
qmof-235238b,2.8891,4.432191371917725
qmof-26d7f43,3.5259,5.813365936279297
qmof-4eaa3ff,3.2593,3.74467134475708
qmof-d640e68,2.7458,5.280101776123047
qmof-711b199,4.75306,3.4457356929779053
qmof-ac2a5eb,3.74103,4.716104984283447
qmof-63717fa,4.01565,5.232180595397949
qmof-a3d97dc,4.98244,6.228536605834961
qmof-52cd170,2.98778,3.70344614982605
qmof-323f418,3.15178,4.319458484649658
qmof-402d188,3.42432,4.57333517074585
qmof-1ff90d0,3.4194,4.837255954742432
qmof-ecadfbd,5.50518,2.551348924636841
qmof-534ae51,2.03227,4.982292652130127
qmof-8e9e492,4.00042,4.683482646942139
qmof-8ae539d,4.04326,6.272170543670654
qmof-867714c,2.92771,3.592418909072876
qmof-886cefa,3.20225,5.312869548797607
qmof-878b529,4.00707,2.0173099040985107
qmof-9eb7ef8,4.47446,3.647790908813477
qmof-6504d94,3.56253,4.7781662940979
qmof-f3f002d,3.51041,3.8087854385375977
qmof-8442243,3.1584,5.900441646575928
qmof-1c721d8,2.93702,3.761913537979126
qmof-286c11a,3.34494,4.03969669342041
qmof-abbe204,2.6722,3.8004629611968994
qmof-f5294b2,2.4835000000000003,4.465027332305908
qmof-2855399,4.051,4.698326587677002
qmof-2d358d1,3.48489,5.320447444915772
qmof-54bfc04,2.0255,2.8945653438568115
qmof-90e8464,3.49617,2.488358974456787
qmof-d1fec5e,1.32516,4.528036594390869
qmof-01ebcd2,3.09511,4.773899078369141
qmof-033ade9,3.01445,5.784590244293213
qmof-57a89f5,2.7497,5.533242702484131
qmof-e8fb7a2,3.3218000000000005,4.572031497955322
qmof-c814e46,3.2423,5.651669025421143
qmof-098601a,3.63392,3.2790589332580566
qmof-e6da489,3.86972,4.445009231567383
qmof-b7fb8de,2.4858,1.249022364616394
qmof-c8d887d,3.02833,4.638240337371826
qmof-9e3044c,4.06832,1.8091332912445068
qmof-a81e277,1.4247,4.825290679931641
qmof-e2c816e,2.3871,3.402292490005493
qmof-e84ed41,4.09267,3.643577814102173
qmof-e568186,2.55826,4.103668212890625
qmof-70f6af7,3.25391,3.4738636016845703
qmof-9269a92,3.68158,3.9452388286590576
qmof-93aaf79,2.64649,3.630631446838379
qmof-b27390f,4.27857,4.822723865509033
qmof-e125d99,2.746,2.285076856613159
qmof-edcf7ff,3.03048,3.3380467891693115
qmof-3d7d270,4.43194,4.435809135437012
qmof-9fbe71b,2.16807,1.5708293914794922
qmof-dd66937,3.16057,4.928406238555908
qmof-760e8d9,2.66015,3.959968090057373
qmof-1692715,3.53656,5.5713629722595215
qmof-ae70be0,4.29772,4.812676906585693
qmof-7f3b860,2.5066999999999995,4.3823561668396
qmof-14924f8,4.28602,2.7392351627349854
qmof-41c609e,3.3781,4.814842700958252
qmof-4fd6966,3.30638,5.319751739501953
qmof-9685c13,5.47121,5.296606540679932
qmof-603a442,4.38322,2.4984326362609863
qmof-7541f7a,4.32779,5.025742053985596
qmof-85bf949,4.76013,3.157071828842163
qmof-78eafd8,3.5035000000000003,3.825551271438599
qmof-d270b21,2.77178,2.816637754440308
qmof-6e5a0c5,2.8784,4.174545764923096
qmof-2a66ccf,4.0432,4.9774088859558105
qmof-c786c29,3.0318,4.945493221282959
qmof-2f987c8,2.99922,5.069919109344482
qmof-26447ba,1.7553999999999998,5.401723384857178
qmof-2adaa41,4.55182,3.665836811065674
qmof-d589613,2.91555,5.229903697967529
qmof-17d6cac,6.17683,3.866990804672241
qmof-cbb3b86,1.5448,4.7869791984558105
qmof-d8336ab,3.07084,5.492703914642334
qmof-74f0957,3.83797,3.7534992694854736
qmof-f598a6c,1.8082,4.986494541168213
qmof-ca84210,3.6858,4.339691638946533
qmof-94199a7,6.49522,6.794765472412109
qmof-230a690,0.637243,4.796748638153076
qmof-2a3833a,3.23928,4.823132038116455
qmof-0af2d05,3.16357,4.7725934982299805
qmof-ea44590,3.43136,5.87580156326294
qmof-3b8fbc7,4.6691,5.033004760742188
qmof-e40b980,4.22816,5.804304599761963
qmof-5e04df0,4.22786,4.195889949798584
qmof-70d4834,2.1254,4.881213665008545
qmof-3634e74,3.12826,3.68227481842041
qmof-8f9ddb5,3.2925,5.662139892578125
qmof-e9ef2f6,3.748,3.7098910808563232
qmof-e08c39f,3.9792,5.545215129852295
qmof-e5a60a8,4.47074,5.044202327728272
qmof-9be5910,2.68675,4.0870041847229
qmof-117052a,1.2182,2.728101968765259
qmof-2497a20,3.22972,5.175878524780273
qmof-b5f02ff,2.7361000000000004,0.552560567855835
qmof-b8ca403,2.57407,4.230252265930176
qmof-1026675,6.63944,4.94606876373291
qmof-6a10907,3.16062,4.90394926071167
qmof-2c408e6,2.5627,2.146153688430786
qmof-16049c4,3.7657,5.8144145011901855
qmof-c458714,6.10605,7.140802383422852
qmof-6cf15a6,3.73963,5.165585041046143
qmof-5859c87,3.83115,4.6749587059021
qmof-fe78703,4.8301,3.4342620372772217
qmof-6f783df,0.2966000000000002,4.385865211486816
qmof-9e3175c,4.66297,4.190088272094727
qmof-1192393,3.23964,4.248659133911133
qmof-f65f438,3.99844,3.810020685195923
qmof-4e25873,5.04388,4.161721706390381
qmof-e256739,3.89066,4.919986248016357
qmof-450cfae,6.4604,6.278913497924805
qmof-60b8e98,1.67612,5.273108959197998
qmof-74c3c27,3.47121,4.974437713623047
qmof-99da696,3.93455,3.3005056381225586
qmof-8ce7f32,2.56909,4.031649112701416
qmof-8fd5f30,3.98868,4.970750331878662
qmof-ef64fbc,3.68403,4.047783851623535
qmof-0ef13af,6.34113,4.926746845245361
qmof-c46a3ac,2.8272,4.143882751464844
qmof-ecb63ad,3.42816,4.5095295906066895
qmof-a3e01fb,2.8292,4.309316158294678
qmof-38e5535,4.49008,3.3598737716674805
qmof-9c0ae5c,1.7031,5.339689254760742
qmof-2d80bfd,3.21132,4.256328582763672
qmof-5b43897,3.91572,4.017138957977295
qmof-c9f0a33,3.80475,3.8337926864624015
qmof-40b4231,6.14837,6.102356433868408
qmof-98be2f1,2.3422,4.787564277648926
qmof-e73fe5e,4.18184,2.509390115737915
qmof-0618231,3.82218,5.331714153289795
qmof-e50605b,3.54176,2.49970817565918
qmof-3f2cc61,2.81919,4.170821666717529
qmof-afadce0,2.87146,4.335709095001221
qmof-6e6b22b,2.5941,4.219161510467529
qmof-894b99a,4.55435,4.6352715492248535
qmof-be0b180,4.06763,3.126771688461304
qmof-5c1675f,4.52753,5.796934604644775
qmof-938bfee,3.4211,4.596429347991943
qmof-e28dafe,2.93085,4.528287410736084
qmof-5d1b432,4.12466,3.849745035171509
qmof-d826ea1,6.54817,4.31227445602417
qmof-64da900,3.1351000000000004,0.505872905254364
qmof-8ba3a23,3.3785,3.46009373664856
qmof-a0c4c71,3.2462,0.5011473894119263
qmof-4c64da3,2.20125,5.457009315490723
qmof-0309df4,3.81649,3.711534976959229
qmof-04a1fed,3.0999,4.223642826080322
qmof-bdfa60b,3.5266,5.745014667510986
qmof-d1a13c7,3.17957,5.642731666564941
qmof-ac814d2,4.50792,4.581955432891846
qmof-ad34930,3.36069,6.474960803985596
qmof-0ad522b,2.9524,4.66452693939209
qmof-1791cbc,3.94346,5.32203483581543
qmof-151448f,5.14618,4.001682758331299
qmof-fa05566,6.81922,3.3248658180236816
qmof-b052d63,3.26529,5.187323570251465
qmof-b9e8ae6,4.9756,4.816583156585693
qmof-e92dc89,6.07619,6.181061744689941
qmof-13da5e7,5.2408,3.869174957275391
qmof-68380f0,4.11588,4.9273529052734375
qmof-84f1ff5,4.10128,5.303678512573242
qmof-508fdd0,2.3429,5.378003120422363
qmof-6219623,1.67173,4.229997158050537
qmof-f4bb6af,3.60987,4.324534893035889
qmof-fb77b5b,4.1662,5.053869724273682
qmof-6339cda,4.20949,3.777398824691773
qmof-dbcf346,4.1988,4.605309963226318
qmof-eacfd9b,4.1282,5.415892601013184
qmof-ff7658b,3.98114,3.569178819656372
qmof-bb8f123,3.64637,5.059381484985352
qmof-3d08513,3.92451,1.71443772315979
qmof-2157a06,3.46669,5.697677135467529
qmof-1916139,3.0577999999999994,5.1532487869262695
qmof-408a8f3,4.15715,2.978309869766236
qmof-5eee5ab,3.77194,4.946103096008301
qmof-f4ad3f6,2.4066,4.95026159286499
qmof-e63ddfb,3.892,1.6311461925506592
qmof-3a7c51f,3.23605,3.9431655406951904
qmof-b5f19ca,3.92328,4.296174049377441
qmof-1f0cde6,4.1122,4.609716892242432
qmof-20f768b,3.55079,5.289010524749756
qmof-80be73f,4.51588,6.342462539672852
qmof-2695251,3.66986,5.342630863189697
qmof-c7cd3cd,3.2841,4.8919854164123535
qmof-4f4c03d,4.08136,4.722919940948486
qmof-37e791c,2.94073,5.090933322906494
qmof-49593d6,2.2099,3.537503957748413
qmof-5847aa0,3.96258,3.4568841457366943
qmof-37f0bc6,5.01388,4.724055290222168
qmof-ce0e7d6,3.0582000000000003,5.7735090255737305
qmof-b23591b,2.31524,6.1165289878845215
qmof-88fce3b,2.8348,4.803069591522217
qmof-3b46920,4.2093,3.780837774276733
qmof-47144b2,6.59639,2.21082091331482
qmof-35705d6,5.11631,4.751535892486572
qmof-916080a,3.8884,5.16127347946167
qmof-5ac6b32,2.59711,4.715723037719727
qmof-812adef,4.93137,4.878910541534424
qmof-fa2b07a,2.5316,4.039968490600586
qmof-d72f498,4.02881,4.723531723022461
qmof-17a47b2,2.0543,4.4751715660095215
qmof-aa314f7,2.99323,3.0928566455841064
qmof-b03493e,2.77614,5.066290378570557
qmof-2f521a7,3.69853,2.874305248260498
qmof-f3e009b,4.706099999999999,5.353989601135254
qmof-ef78caf,3.3710000000000004,4.553598403930664
qmof-344e01a,3.4031,4.954027652740479
qmof-ba7121a,3.6642,2.9448790550231934
qmof-8549a5b,1.8149999999999995,4.938558101654053
qmof-0e4bbc6,2.9154,4.105841159820557
qmof-222c44e,4.1502,5.250462055206299
qmof-0c21f93,0.978452,5.404201984405518
qmof-f3922f0,4.7631,2.648142576217652
qmof-5658f69,3.748,4.834722995758057
qmof-dbfdcac,3.86075,6.214664936065674
qmof-2ebec34,4.0201,6.126193046569824
qmof-35cbef3,4.4414,6.9158148765563965
qmof-f9c76c1,1.5354,4.9159836769104
qmof-d776b6f,2.7265,5.342550754547119
qmof-913038d,4.26305,3.600377082824707
qmof-477477e,3.9747,3.3791301250457764
qmof-caca351,3.61862,5.478899002075195
qmof-e057c66,2.58506,2.106029272079468
qmof-1872d69,2.94497,5.792184352874756
qmof-0336a84,3.71031,4.514847755432129
qmof-1b50519,3.56288,5.747669696807861
qmof-450de13,3.1632,4.819690227508545
qmof-dca107d,3.1237,3.259547472000122
qmof-fb4e736,4.97635,5.9852294921875
qmof-b01ae77,4.88989,2.346111536026001
qmof-3bd7f7d,2.7562,3.753930330276489
qmof-1547f0e,1.86186,5.883025646209717
qmof-dc9f254,3.7209,2.9103152751922607
qmof-afe2748,1.77388,5.805963039398193
qmof-15d8f58,2.4241,3.881145238876343
qmof-702a0a9,3.4958,4.018491268157959
qmof-0d50e07,3.4332,5.162064552307129
qmof-82b4d64,3.37062,5.25220251083374
qmof-630c138,4.99852,4.976312160491943
qmof-73ebe68,4.80073,4.34986686706543
qmof-e603480,3.45025,4.790831089019775
qmof-f3823e0,2.628,3.836214303970337
qmof-0eaf3ad,1.7537000000000005,4.150309085845947
qmof-8929658,6.50132,5.7372727394104
qmof-e3dcc4d,5.27932,5.716813087463379
qmof-fd5d0f6,4.58545,3.529593706130981
qmof-b7f954d,3.39468,0.4891703724861145
qmof-45eff1d,5.06507,5.25089693069458
qmof-8c6011b,4.71581,6.70845365524292
qmof-25172f2,3.107,3.593034029006958
qmof-7de4c1e,2.10619,3.911492347717285
qmof-cd42f10,4.05439,5.537935256958008
qmof-cf59d6c,6.66286,5.247892379760742
qmof-630e8b0,2.97104,3.061142683029175
qmof-9aedda6,4.04486,1.966005563735962
qmof-167482e,1.7217,0.4444092512130737
qmof-47c6a17,2.6578,5.854423999786377
qmof-f9c2a3d,3.47831,5.370129108428955
qmof-cc249f5,3.9498,3.8972537517547607
qmof-23e4e4a,3.772,3.696446895599365
qmof-57d5556,3.60292,2.0268876552581787
qmof-85d5909,2.45925,4.896199703216553
qmof-f54855a,4.34528,5.379632949829102
qmof-1eee5dc,1.8347,4.32130765914917
qmof-835e4e4,5.3041,2.101431131362915
qmof-6d8b4ff,2.0651,1.883443117141724
qmof-cbfd0bc,4.22804,4.213379859924316
qmof-16812b6,6.96165,6.412058353424072
qmof-bda2f7d,3.977,4.867420673370361
qmof-80d4a16,3.2996,5.039872646331787
qmof-a5380bd,2.24249,4.454428672790527
qmof-9a3d32f,2.56545,4.042027473449707
qmof-948d748,4.00326,4.048064231872559
qmof-b18f8ac,4.12927,5.079280376434326
qmof-396c838,3.67879,5.240363597869873
qmof-de5b030,3.79987,5.236940383911133
qmof-1470db1,3.70206,4.431707382202148
qmof-3ab376e,3.4924,5.411420822143555
qmof-1d7e777,4.85004,4.675605297088623
qmof-6840970,4.47216,4.801266670227051
qmof-dbcabd3,4.13012,5.7681403160095215
qmof-89a5c57,2.08914,5.169474124908447
qmof-8cf4e29,4.53618,5.236820697784424
qmof-c7c1ae9,3.04091,4.985759735107422
qmof-f804647,3.3255,4.775157451629639
qmof-03f7272,1.92478,5.941502094268799
qmof-5bd2003,2.8338,4.753735542297363
qmof-d45c96f,2.00884,4.889617919921875
qmof-377088f,0.9575,4.330185413360596
qmof-45f099f,4.27408,5.614602565765381
qmof-3f84407,4.15892,4.485327243804932
qmof-d20be6a,3.74394,3.866612195968628
qmof-08f5e1e,3.09003,3.762142181396485
qmof-993d367,2.90075,3.288539409637451
qmof-ce6bf13,3.65088,5.179828643798828
qmof-aa19f13,2.3378,4.149747371673584
qmof-9054b9c,3.0028,4.834073066711426
qmof-bc15af2,2.70244,5.202823638916016
qmof-7bb0742,2.2886,4.630161762237549
qmof-3bc8c5b,4.71952,4.601210594177246
qmof-2928cd0,4.17474,3.065497875213623
qmof-4e1f5c1,4.36542,6.143190860748291
qmof-44308c2,2.6584,5.20233964920044
qmof-2453893,3.88036,5.070926189422607
qmof-e9ceb52,1.8548,5.131625652313232
qmof-17d2618,0.8427,4.602322101593018
qmof-de94464,4.18816,4.583747386932373
qmof-b128f29,5.09242,2.853778123855591
qmof-91931bc,4.95243,5.233318328857422
qmof-0a0718a,4.4071,5.20715856552124
qmof-8d68d51,1.9348000000000003,3.4935455322265625
qmof-c3d1c9d,4.56024,5.053400039672852
qmof-73cfd5c,4.18718,2.918983697891236
qmof-0f5c195,5.00639,3.1768298149108887
qmof-37abdc8,3.4349,5.183745861053467
qmof-a2a082e,3.70507,5.370015621185303
qmof-969a9d8,4.1894,5.28566312789917
qmof-8555126,5.46274,5.178573131561279
qmof-68edf8e,3.1841,3.793950319290161
qmof-f158543,3.89922,4.4960126876831055
qmof-55f4d83,3.98269,5.294921398162842
qmof-10dd4ae,3.88867,5.049515724182129
qmof-b3e0651,3.78983,2.571572542190552
qmof-00be260,4.11004,4.27946138381958
qmof-33b0cbe,2.5821000000000005,4.826278209686279
qmof-334c891,4.1025,6.685706615447998
qmof-92074bc,2.48918,5.016071796417236
qmof-d242cec,4.34556,5.325127601623535
qmof-1c4a0c9,4.25705,5.20805025100708
qmof-20b5399,3.88019,5.261661052703857
qmof-b8acaeb,4.46009,5.129734516143799
qmof-3a04018,3.73904,5.880835056304932
qmof-be39909,4.30539,3.7942867279052734
qmof-a837eb6,4.64718,2.2917399406433105
qmof-dfd0917,2.83243,5.638228416442871
qmof-7d04430,3.83565,4.295825004577637
qmof-b2a7435,4.57571,4.365728855133057
qmof-95ec286,3.6222,5.530927658081055
qmof-56e9544,3.72177,4.246023178100586
qmof-e1ae1a6,3.1347,5.15369987487793
qmof-a1f63f6,5.31684,4.391040802001953
qmof-810fb5d,2.9964000000000004,4.122074604034424
qmof-c5f786c,2.93042,5.445681571960449
qmof-c218ed4,3.90017,4.431036472320557
qmof-3110c7f,1.36075,4.731665134429932
qmof-a8abb47,4.01476,0.8667944669723511
qmof-555ceef,3.4874,4.425332546234131
qmof-f8c7a01,0.864769,4.968574047088623
qmof-b1a0abf,3.91304,2.508938789367676
qmof-0a64c16,2.4777,4.531006336212158
qmof-b33b31e,2.54974,5.203281879425049
qmof-ffccb82,3.08227,5.7305779457092285
qmof-2e18852,4.24389,5.410512447357178
qmof-bb65d94,4.85256,4.799533367156982
qmof-8bdb6a2,4.27217,5.224629878997803
qmof-da7a7b4,3.94908,2.83755111694336
qmof-17877f3,2.94729,2.6447207927703857
qmof-00f576b,3.98563,5.649473667144775
qmof-2fbc4be,2.72648,5.061080455780029
qmof-44f9a2e,3.56405,5.6942949295043945
qmof-57abf68,2.77183,6.003347873687744
qmof-1a5f96c,4.08702,5.176759243011475
qmof-d66d109,1.2564,4.176447868347168
qmof-52cac05,1.94938,4.581400394439697
qmof-981df2d,3.80831,5.108485698699951
qmof-6dc8152,3.79997,1.8742239475250244
qmof-89a06df,4.1518,0.360914945602417
qmof-72594f7,3.64956,5.412418842315674
qmof-d0835c2,3.30295,5.518344402313232
qmof-d9809f0,2.8395,5.3163676261901855
qmof-b77db05,3.92476,4.686249256134033
qmof-5c0f1a7,3.9394,5.063108921051025
qmof-0cba3b3,3.6528,5.153985023498535
qmof-875aaeb,5.0448,3.739853858947754
qmof-a6ec3b8,2.92921,5.962033748626709
qmof-292b063,4.46763,3.807575464248657
qmof-0b0dbff,2.9233,4.720178604125977
qmof-dc36a7d,4.83856,3.289400815963745
qmof-9e05c25,2.2867,4.872313976287842
qmof-ffe6994,3.8712,4.399714946746826
qmof-324fde1,3.49972,5.46792459487915
qmof-a49c0de,6.62908,2.67832899093628
qmof-39a14c2,0.9669,4.2188825607299805
qmof-006948c,5.13864,4.597117900848389
qmof-4483808,2.95786,5.540952205657959
qmof-00324c8,4.05147,4.882220268249512
qmof-a07cb94,5.49622,5.175597667694092
qmof-149aeaf,5.02566,4.458940505981445
qmof-45da722,4.1685,4.244644165039063
qmof-b8f9178,4.3289,5.417334079742432
qmof-7662a1e,4.81167,5.312716960906982
qmof-9794e9c,5.63603,2.4848227500915527
qmof-61502b5,3.946,4.222558975219727
qmof-12380d1,6.3196,3.922948122024536
qmof-5aee12f,4.37912,3.859328031539917
qmof-8955ecc,2.6759,3.955204725265503
qmof-f0008e4,1.9577,8.556388854980469
qmof-4db0d17,3.67601,5.159595012664795
qmof-c755896,4.62996,5.080130577087402
qmof-8da777e,5.57515,3.809398412704468
qmof-2fd988a,4.16679,5.068749904632568
qmof-50413d8,3.78792,6.067119598388672
qmof-08cf08d,2.42475,4.26508903503418
qmof-a9a917d,3.10425,4.776926517486572
qmof-49ce9a8,3.95873,3.4975481033325195
qmof-a5946bb,6.194,4.801956653594971
qmof-01601f3,4.30082,2.620427370071411
qmof-aa014ee,2.30109,4.803905487060547
qmof-272c907,2.7519,3.5306825637817383
qmof-954f79c,3.25869,4.24223518371582
qmof-2b2bdaa,3.87735,4.120030403137207
qmof-92fd333,6.80586,3.2324087619781494
qmof-27a6787,1.91315,5.979128360748291
qmof-3015109,3.4348,3.939239025115967
qmof-361c645,3.1555,5.763309955596924
qmof-b2d0d8a,3.58564,5.686722278594971
qmof-37021f4,0.2320999999999999,4.535248279571533
qmof-b3dd101,4.4175,3.266209840774536
qmof-f45d6cf,3.3785000000000007,3.944102287292481
qmof-6b4d058,3.31462,5.095725536346436
qmof-9269553,4.66727,5.114082336425781
qmof-8aecaef,2.01227,5.396215915679932
qmof-5414b76,2.3407,4.870139122009277
qmof-0e27a4a,2.3535,4.375844478607178
qmof-6f04f48,6.40468,4.251148223876953
qmof-8b891d0,3.94542,2.829655885696411
qmof-2a1c54e,3.32555,5.905326843261719
qmof-2ab39f5,3.74821,5.215344429016113
qmof-df6c211,2.68948,5.057308197021484
qmof-3db4dff,2.96532,5.567558288574219
qmof-108e5ba,3.61188,3.76578950881958
qmof-479e7c3,4.70425,4.395075798034668
qmof-69adfc8,3.50853,5.130815982818604
qmof-431f8cc,1.7464000000000002,3.339021921157837
qmof-3611f73,3.372,4.931903839111328
qmof-c628210,5.18092,3.025205612182617
qmof-3642ccf,1.9428,3.377183675765991
qmof-07042a4,3.0948999999999995,4.768596649169922
qmof-5083a07,3.29123,5.006270885467529
qmof-349a9a4,3.8494,4.014140605926514
qmof-9372acf,2.14134,5.116286754608154
qmof-1cf5db4,3.68156,5.469470500946045
qmof-3477ecf,0.3706,3.1022045612335205
qmof-8b3b2f2,3.48816,4.946871757507324
qmof-e731356,3.2110000000000003,5.352576732635498
qmof-237b271,4.16755,5.62521505355835
qmof-7ff9d4f,3.10734,5.157658100128174
qmof-8707b97,3.40921,4.770852565765381
qmof-ddef0e3,2.72434,4.340891361236572
qmof-2d90005,2.6823,0.5742132663726807
qmof-45a48df,4.53242,3.8016226291656494
qmof-e99ae25,3.0726000000000004,5.586159706115723
qmof-d8d2250,3.31692,5.381723880767822
qmof-0c8a25d,4.70281,2.67721962928772
qmof-d7610ef,3.62485,5.382160663604736
qmof-736e83b,2.85369,4.674136638641357
qmof-5e7e509,3.1434,4.6900482177734375
qmof-0894383,3.0027000000000004,2.4784743785858154
qmof-86929da,1.4322,4.125656604766846
qmof-26ebc0e,3.92198,4.6123552322387695
qmof-b32c7d2,2.6434,4.289908409118652
qmof-2cb73f9,2.9286,3.691272974014282
qmof-893a85d,3.25732,2.727741003036499
qmof-1629dda,3.13448,5.309169292449951
qmof-7245894,3.41075,4.284951686859131
qmof-2d04c0a,4.28481,6.009773254394531
qmof-7e3ab62,4.05325,4.627208232879639
qmof-edd39e3,2.25578,4.105891704559326
qmof-4f1b040,3.4816,2.7392923831939697
qmof-5d4c61c,3.78553,5.170424461364746
qmof-689e334,4.04939,4.130325794219971
qmof-6d84bac,2.7576,4.5204596519470215
qmof-267b04e,0.9459,4.457704544067383
qmof-def34ed,2.39235,5.049020290374756
qmof-de509d5,6.95646,5.2540130615234375
qmof-43001f3,3.0567,4.928631782531738
qmof-e8f2313,4.56544,5.339931011199951
qmof-365cf98,3.62867,5.143954277038574
qmof-023607b,4.2752,4.489538669586182
qmof-6f3892c,1.2782999999999998,4.830581665039063
qmof-6546640,3.85472,5.124284267425537
qmof-7616fb2,4.95558,5.145280361175537
qmof-0b6ef72,2.3616,4.613526821136475
qmof-9ef6fed,2.3043,4.3724565505981445
qmof-d1e1b87,4.3158,5.424757480621338
qmof-ccf3afe,0.8941999999999999,3.3243825435638428
qmof-930e104,2.7738,4.785092830657959
qmof-0334ecb,3.60687,5.055978775024414
qmof-9943ad5,3.45251,5.865026473999023
qmof-d2bacb1,2.8033,5.0828351974487305
qmof-b8ce526,3.7271,4.360830783843994
qmof-aec43f9,3.55366,3.503092765808105
qmof-af37bf7,4.95745,3.813361883163452
qmof-6798637,3.40891,5.594027042388916
qmof-a9d0bad,3.19254,5.117534160614014
qmof-07dae64,3.84445,5.123369693756104
qmof-b439f25,1.8371,4.0485920906066895
qmof-f842c12,3.73829,5.331050395965576
qmof-80dcc70,3.62284,3.189504861831665
qmof-4a4c8d7,3.81404,4.713315010070801
qmof-363ec40,4.08473,5.317700386047363
qmof-6092a23,1.52631,6.006431579589844
qmof-56495b9,3.77825,5.282961368560791
qmof-0d6ee63,4.3604,2.338082790374756
qmof-d72a836,2.53684,0.5016453266143799
qmof-0e0cf73,3.4101,5.129434108734131
qmof-fe8a0d3,2.8500999999999994,4.707513332366943
qmof-852039c,3.71091,4.034435749053955
qmof-dbe97aa,5.4076,5.850681781768799
qmof-3eba276,3.11041,5.55081033706665
qmof-91fe978,4.72728,6.245944499969482
qmof-37fbf4b,3.58787,4.133711814880371
qmof-60a69f9,2.5535,4.267571926116943
qmof-8df56c1,4.05708,3.696800708770752
qmof-f125ded,2.67918,5.842081546783447
qmof-e697da3,2.75534,4.839481353759766
qmof-29c250d,2.42859,4.9872236251831055
qmof-d967b7b,4.01749,5.053555488586426
qmof-add6b39,3.0794,3.9145658016204834
qmof-9e69850,3.79196,5.75892972946167
qmof-e17dc0f,4.8228,8.20655632019043
qmof-9cec9af,2.871,3.5984256267547607
qmof-bd1b869,4.32742,5.131452560424805
qmof-66a1aec,3.32699,3.012108564376831
qmof-d383524,2.8903,5.903285503387451
qmof-687e4d6,3.33829,4.684474468231201
qmof-6f39277,4.95532,2.785388231277466
qmof-7538884,2.74233,4.843610286712647
qmof-11e1ff2,2.70608,3.8888614177703857
qmof-c312b02,3.17046,5.002057075500488
qmof-1d43809,3.88546,3.3522841930389404
qmof-bb7bee0,2.42565,5.000471115112305
qmof-1743e6b,3.99499,6.15364408493042
qmof-22ca4f8,4.18934,3.76146936416626
qmof-071d192,2.3927,3.49442195892334
qmof-96a5399,3.43351,5.403282642364502
qmof-a9be673,4.66014,7.101329326629639
qmof-1adaa9b,4.43001,9.146203994750977
qmof-5718ab1,3.71449,4.812065124511719
qmof-856de1b,3.62008,5.443453311920166
qmof-42062c2,0.8548,4.4963860511779785
qmof-2f4a13b,3.22609,4.839570999145508
qmof-2d8d0ff,3.89729,6.22095251083374
qmof-3096d34,3.36387,5.392934322357178
qmof-4ae6ad4,2.3480000000000003,3.698185682296753
qmof-439bd40,3.18339,2.155012845993042
qmof-bcab2b6,3.56809,5.433621406555176
qmof-f5b36f7,3.86604,4.844398498535156
qmof-8159bc1,4.3365,5.143111228942871
qmof-b1ab823,3.3062,4.483564853668213
qmof-a911695,4.29791,2.677933692932129
qmof-275ec22,3.6149,4.854565143585205
qmof-ed10ad3,3.07694,3.137941837310791
qmof-d192f59,4.14255,2.175709247589112
qmof-61d14dd,1.8065,4.039356231689453
qmof-b9d3cb3,2.854,0.4170346856117248
qmof-5e8c015,3.7086,5.026440143585205
qmof-47f264b,4.20061,5.214412212371826
qmof-320bc35,2.27,4.912316799163818
qmof-050c9e8,4.29933,8.526016235351562
qmof-b7f7543,4.50061,4.096683025360107
qmof-993b0c7,1.6454,4.170506477355957
qmof-6b810b0,3.0972,3.547785520553589
qmof-a7f487c,3.59696,3.924733638763428
qmof-eaa4006,3.11084,2.3988499641418457
qmof-40f2e0c,3.51063,3.938133478164673
qmof-80d14e6,0.266776,5.645435810089111
qmof-83a025d,1.5943999999999998,3.1768336296081543
qmof-be911ac,3.60147,5.273316860198975
qmof-46322fa,2.08345,4.75717830657959
qmof-c906a20,3.2779000000000003,5.434187412261963
qmof-48b0e97,2.62248,4.595943927764893
qmof-60cb60d,3.4759,0.5318616628646851
qmof-44da106,3.7447,5.35297966003418
qmof-13f1903,4.85802,5.245083332061768
qmof-ac615b9,3.62683,5.205782890319824
qmof-60d01a8,3.72257,4.390193462371826
qmof-7980106,1.72944,2.9168384075164795
qmof-749fa2f,3.15147,2.8498456478118896
qmof-5923d4b,2.4662,5.434138774871826
qmof-63ec0a7,5.4439,5.513824939727783
qmof-c06322b,4.84016,3.711625814437866
qmof-b7b8b62,3.18724,5.442147731781006
qmof-46e13c3,0.074393,5.525912761688232
qmof-9ae4594,2.6644,4.643299579620361
qmof-184721f,4.552,4.968524932861328
qmof-195ef6a,1.72145,4.739352703094482
qmof-bb736bf,3.47024,5.229907989501953
qmof-eb442dd,3.2602,5.086311340332031
qmof-d078b33,4.39484,4.460260391235352
qmof-cd01b25,4.25986,5.205357074737549
qmof-e2f1ea2,5.95684,2.364356756210327
qmof-15a2fa5,4.49953,3.8868489265441895
qmof-1cfe255,2.7671,5.233188152313232
qmof-52a1760,2.621,3.3875396251678467
qmof-46ac557,2.3043,4.5746846199035645
qmof-f57a388,3.5133,4.181572437286377
qmof-671a0bb,3.7739,3.131435871124268
qmof-7c271cd,3.0951,3.95419192314148
qmof-99861b8,2.51307,5.005014896392822
qmof-e381eec,2.7078,4.701805591583252
qmof-a8ea913,2.775,0.095664232969284
qmof-6f2f136,3.16029,1.5324666500091553
qmof-0922e5c,3.67781,5.193021297454834
qmof-76d5af4,1.8592,3.540241003036499
qmof-ac2b430,4.40428,4.393690586090088
qmof-77f477c,2.85495,4.906104564666748
qmof-db52356,4.89363,2.9885740280151367
qmof-f5af0e8,2.68358,4.071424961090088
qmof-20b6e60,5.55008,6.408995151519775
qmof-9f315fd,2.0465,6.059499263763428
qmof-0908118,2.81704,4.4419474601745605
qmof-e5b1de8,3.12339,5.374956607818604
qmof-f784df1,2.9583,4.837881088256836
qmof-6e4f021,2.9985,4.63023042678833
qmof-e16acde,0.6121999999999996,3.694917917251587
qmof-717573d,4.07961,4.220452785491943
qmof-98b30ec,3.8798,4.167111396789551
qmof-c428516,3.51297,4.207917213439941
qmof-386ffdd,3.0072,4.593182563781738
qmof-68178b9,2.7825,4.254133224487305
qmof-2ad2677,4.6495,4.5013203620910645
qmof-86d21dc,3.54274,1.763603687286377
qmof-7c567fa,3.2423,4.16549825668335
qmof-e6afac4,2.8397,4.818789482116699
qmof-31db037,3.6891,4.730667591094971
qmof-30356d7,5.00864,2.65380597114563
qmof-722b6f4,4.44948,3.2768256664276123
qmof-66b26b0,4.6398,6.3799824714660645
qmof-fac48cb,3.71719,5.684149265289307
qmof-b35eaba,3.74366,0.57468581199646
qmof-6b8897f,3.83432,3.45573091506958
qmof-d01976c,4.03124,2.880983352661133
qmof-c4d5761,3.84339,3.890923261642456
qmof-fe6f735,4.29287,5.142198085784912
qmof-91df703,3.37382,5.029870510101318
qmof-3ba428a,2.4326,3.102760076522827
qmof-01324e2,5.89692,5.488784313201904
qmof-76f719c,4.31132,3.6956472396850586
qmof-ead21d1,2.78318,3.800862312316896
qmof-b8e4039,2.88518,4.586817264556885
qmof-43f07bb,2.15603,4.470456600189209
qmof-f6f314a,3.85605,3.634855508804321
qmof-13df431,4.48583,3.5195791721343994
qmof-4a03d2c,4.16382,4.403324604034424
qmof-3ab012a,4.74808,3.847725629806519
qmof-37797cc,4.88145,3.707409143447876
qmof-cabb2ed,5.30998,4.923545837402344
qmof-9c173b5,4.52394,5.017277240753174
qmof-3029056,3.74726,5.266651153564453
qmof-926904e,3.7669,3.839033842086792
qmof-b4d71b5,4.7455,5.286243915557861
qmof-4d3ba60,4.6001,5.052043437957764
qmof-5598b04,4.87199,2.9875030517578125
qmof-4aba664,3.49673,5.740258693695068
qmof-bc0218e,3.02901,3.668935060501098
qmof-8c255b0,6.28068,3.2478115558624268
qmof-d9a0694,3.31145,5.5486979484558105
qmof-12e1518,3.4071,3.884313106536865
qmof-53dfad5,2.3757,4.73578691482544
qmof-732dc1a,4.36963,4.084788799285889
qmof-8b9694c,4.52213,5.170984745025635
qmof-dfe9e9b,3.96904,3.870954751968384
qmof-a1de534,5.83374,2.035552501678467
qmof-40eaaed,3.3369,4.121255397796631
qmof-fea8031,1.4479,6.326104640960693
qmof-56f3712,1.68758,4.924234867095947
qmof-6417424,2.87698,4.217808723449707
qmof-6f3a9f6,5.26622,1.8243560791015625
qmof-e471501,2.9375,5.153961658477783
qmof-53df169,4.4024,4.0269694328308105
qmof-ee8c30a,2.94285,4.829565525054932
qmof-01e3d00,2.8266,4.093396663665772
qmof-4ee9dbb,3.36813,4.023719310760498
qmof-a374762,2.93362,6.002573013305664
qmof-8a0fc7d,3.3233,4.055824279785156
qmof-0564294,2.9963,1.915878772735596
qmof-5ad132b,3.07448,5.032924652099609
qmof-9d46a1c,2.92208,2.337235927581787
qmof-ead32c0,3.95883,4.38638973236084
qmof-6478b5c,5.12503,2.6826345920562744
qmof-f4dec33,3.6774,0.379538744688034
qmof-b311e90,0.102354,5.113254547119141
qmof-7dd3a77,2.05798,2.729120969772339
qmof-5d649de,3.7642,3.618033647537232
qmof-26f482f,0.9615,5.078051090240479
qmof-139da7b,2.1739,4.456186294555664
qmof-5b20bb3,2.8945,5.787142276763916
qmof-cd26d9d,4.56595,5.454700946807861
qmof-51703bc,2.96122,5.080652236938477
qmof-fc85ca5,5.02305,4.950558185577393
qmof-7708ea4,4.22261,5.238894939422607
qmof-f28d7b0,4.0108,2.642693281173706
qmof-ab8d090,3.98791,6.690629482269287
qmof-b42feba,2.9495,5.167153835296631
qmof-77442e8,2.7376,0.4363004565238952
qmof-fc03278,5.42549,5.755669116973877
qmof-8bc47d5,3.51719,5.0158305168151855
qmof-d8a1caf,4.45748,3.7983901500701904
qmof-54a157d,5.76807,6.109769344329834
qmof-e64eb2b,1.6852,3.463375806808472
qmof-c566277,4.73546,5.641396522521973
qmof-a4a3a03,3.0937,4.907654285430908
qmof-5313422,4.01103,3.8484079837799072
qmof-c93c7ae,3.79652,3.813273906707764
qmof-2a2cbf3,3.54427,3.862940549850464
qmof-a2f200e,3.6486,4.362250804901123
qmof-2e3e817,5.57921,5.84927225112915
qmof-2f3b6d6,2.7537,4.949753761291504
qmof-ce5ef9a,6.7627,6.61549186706543
qmof-2677300,2.96446,4.771822452545166
qmof-d533d86,4.6409,5.210542678833008
qmof-a5bcf6e,3.61572,4.449251651763916
qmof-87eb0e6,3.38122,3.077270269393921
qmof-78b016a,2.86811,3.305025815963745
qmof-d705ce8,3.68602,3.1038315296173096
qmof-34391f3,4.67103,2.5428524017333984
qmof-fd1d516,3.68544,2.918351411819458
qmof-2517368,4.83023,5.24619722366333
qmof-873a982,3.65926,2.95444393157959
qmof-3876daa,6.60968,5.7491068840026855
qmof-d1d4e1b,2.9223,4.382745265960693
qmof-bdc4c33,4.48783,3.566260576248169
qmof-52b722a,3.6361,3.6318588256835938
qmof-7627178,3.3643000000000005,5.549336910247803
qmof-dbdc93d,3.4222,5.739279270172119
qmof-1830dec,3.5863,5.127839088439941
qmof-e4d85d4,6.68745,3.084101438522339
qmof-ac1edc6,3.33313,5.85553789138794
qmof-611c6bf,4.15299,4.420858383178711
qmof-13baab5,6.34737,6.909721851348877
qmof-34855af,4.4125,1.308234691619873
qmof-14d9a90,2.73195,3.088279485702514
qmof-f130ab1,3.3752,4.846687316894531
qmof-1580705,4.17043,5.582275867462158
qmof-39bab0e,4.61388,3.5217599868774414
qmof-c5c5ac9,3.12638,4.395725250244141
qmof-362cafe,3.75665,3.819509267807007
qmof-150e43b,2.5554,5.068958759307861
qmof-bc64fc7,3.688800000000001,4.965654850006104
qmof-7c6e22e,0.1051999999999999,3.4755003452301025
qmof-741f030,4.82954,2.935574531555176
qmof-8cdca87,2.96611,5.28347110748291
qmof-6f907db,3.87179,2.2882182598114014
qmof-c430d7c,3.11073,4.588409423828125
qmof-3bba393,1.00528,4.591521739959717
qmof-c499b62,4.82042,5.835197925567627
qmof-7983944,3.22991,4.8809590339660645
qmof-21516a5,3.0694,5.676708698272705
qmof-a2a22e2,2.56308,4.707525253295898
qmof-9750008,2.1927000000000003,4.181792736053467
qmof-53e5178,5.58904,4.908161640167236
qmof-4513e39,3.628,3.830937147140503
qmof-ef4e692,3.88042,2.519441604614258
qmof-a9f6b42,2.04328,4.105502128601074
qmof-ac050b9,4.57666,4.670448780059815
qmof-006d43a,2.6788,3.0387673377990723
qmof-2de4c15,4.57883,5.961778163909912
qmof-918ee50,5.263,4.029731273651123
qmof-20e5839,2.98089,4.543088436126709
qmof-7fc2a3c,5.23242,4.246806144714356
qmof-46cb25f,3.7065,4.605013847351074
qmof-7b91383,3.82558,5.093929767608643
qmof-41724f3,6.49422,4.38471794128418
qmof-39711c0,3.64136,4.51886510848999
qmof-9a04c15,4.338,3.427476644515991
qmof-1b99f64,4.49909,3.096397638320923
qmof-3f60c96,2.8684,3.801281452178955
qmof-7b26ade,2.66971,5.902439594268799
qmof-05f7938,3.6311,5.643815517425537
qmof-f275516,3.1327,4.48253870010376
qmof-26670ca,2.7085,4.825063228607178
qmof-5b4883b,2.87185,7.558257579803467
qmof-2c46e16,2.72306,5.66449785232544
qmof-926eb2f,0.932052,4.848925590515137
qmof-cc10ecd,3.2577,5.907735347747803
qmof-4a920a2,3.88001,3.825106382369995
qmof-3f56361,1.5701,4.471845626831055
qmof-48262eb,3.18846,4.809298515319824
qmof-1a7f459,2.33671,5.482974529266357
qmof-6444ede,3.90799,4.068698883056641
qmof-1e65cda,3.45314,5.267643451690674
qmof-ba7c077,1.9028,5.12175989151001
qmof-80e68a3,4.81609,6.5280866622924805
qmof-c74e6fb,3.92022,4.790733814239502
qmof-23ef146,4.59719,4.7063889503479
qmof-b99f6b2,3.8048,4.614266395568848
qmof-015591d,4.80453,6.27256441116333
qmof-add50d6,3.34589,3.939211130142212
qmof-4c1a060,3.38565,5.137795925140381
qmof-4c83c49,4.38344,4.942015647888184
qmof-f53f02a,3.71787,4.649384021759033
qmof-036187d,2.181,5.289970874786377
qmof-3467823,2.0367,4.0996575355529785
qmof-290194d,5.01057,3.8779456615448
qmof-5a37225,3.8684,3.984108209609986
qmof-f6afc69,2.9488,5.121496200561523
qmof-457d039,3.34473,5.362772941589356
qmof-7d23e4a,4.3764,4.12923526763916
qmof-a536eda,3.58666,3.4261157512664795
qmof-4ae2a20,4.20488,4.832446575164795
qmof-c00ae29,4.35578,5.256801605224609
qmof-f6519c0,1.59549,3.9872384071350098
qmof-e3afbd2,4.51307,3.3210432529449463
qmof-649b3f2,2.0519,4.502338886260986
qmof-eadd46d,3.1154,5.057032585144043
qmof-48ff125,5.0173,4.883002758026123
qmof-c59d8b8,4.27286,0.4511768519878387
qmof-dfad244,3.99746,4.737112045288086
qmof-0dce90f,4.5388,4.143826007843018
qmof-f756730,3.123,4.639049530029297
qmof-f632c64,3.5301,4.118885040283203
qmof-3d0d93c,3.4309000000000003,4.108367919921875
qmof-05a56bc,4.26545,4.879199504852295
qmof-9168a42,4.48538,5.375341415405273
qmof-77088c4,2.7772,0.5084332227706909
qmof-a1cd150,5.37652,4.513338565826416
qmof-180ad30,3.34583,3.770729780197144
qmof-4ec3895,3.77526,4.979369640350342
qmof-30d0a05,3.0489,4.131223201751709
qmof-2bff013,2.6023,5.074936866760254
qmof-52547c5,3.598,5.024511337280273
qmof-a939101,4.2363,2.949221134185791
qmof-9d9119c,4.40755,5.082699775695801
qmof-c71dee9,2.01182,1.14899480342865
qmof-100c4f2,4.30317,5.882682800292969
